Workbook

Sheet 📊 Summary Dashboard
B1: RESOURCE MANAGEMENT DASHBOARD
B3: Demand vs. Supply · Workstream Overview · Resource Utilisation
B5: Total Resources | E5: Active Workstreams | H5: Allocated FTEs | K5: Unallocated FTEs | N5: Over-capacity Risk
B7: ='🏊 Resource Pool'!D4 -> 12 | E7: =COUNTA('📋 Workstreams'!B4:B13)-COUNTBLANK('📋 Workstreams'!B4:B13) -> 10 | H7: =SUM('📋 Workstreams'!G4:G13) -> 0 | K7: ='🏊 Resource Pool'!D4-SUM('📋 Workstreams'!G4:G13) -> 12 | N7: =IF(SUM('📋 Workstreams'!G4:G13)>'🏊 Resource Pool'!D4,"⚠ YES","✔ OK") -> ✔ OK
B11: WORKSTREAM SUMMARY
B12: # | C12: Workstream | E12: Priority | G12: Status | I12: Total Tasks | K12: Allocated FTEs | M12: % of Pool | O12: RAG Status
B13: 1 | C13: Initiative Alpha | E13: High | G13: Active | I13: 8 | K13: 3 | M13: =K13/'🏊 Resource Pool'!D4 -> 0.25 | O13: =IF(K13=0,"⚪ Unstarted",IF(E13="High","🔴 High Risk",IF(E13="Medium","🟡 Watch","🟢 OK"))) -> 🔴 High Risk
B14: 2 | C14: Initiative Beta | E14: High | G14: Active | I14: 5 | K14: 2.5 | M14: =K14/'🏊 Resource Pool'!D4 -> 0.20833333 | O14: =IF(K14=0,"⚪ Unstarted",IF(E14="High","🔴 High Risk",IF(E14="Medium","🟡 Watch","🟢 OK"))) -> 🔴 High Risk
B15: 3 | C15: Initiative Gamma | E15: Medium | G15: Active | I15: 6 | K15: 1.5 | M15: =K15/'🏊 Resource Pool'!D4 -> 0.125 | O15: =IF(K15=0,"⚪ Unstarted",IF(E15="High","🔴 High Risk",IF(E15="Medium","🟡 Watch","🟢 OK"))) -> 🟡 Watch
B16: 4 | C16: Initiative Delta | E16: Medium | G16: Planning | I16: 4 | K16: 1 | M16: =K16/'🏊 Resource Pool'!D4 -> 0.083333333 | O16: =IF(K16=0,"⚪ Unstarted",IF(E16="High","🔴 High Risk",IF(E16="Medium","🟡 Watch","🟢 OK"))) -> 🟡 Watch
B17: 5 | C17: Initiative Epsilon | E17: Low | G17: On Hold | I17: 3 | K17: 0 | M17: =K17/'🏊 Resource Pool'!D4 -> 0 | O17: =IF(K17=0,"⚪ Unstarted",IF(E17="High","🔴 High Risk",IF(E17="Medium","🟡 Watch","🟢 OK"))) -> ⚪ Unstarted
B18: 6 | C18: Initiative Zeta | E18: High | G18: Active | I18: 7 | K18: 2 | M18: =K18/'🏊 Resource Pool'!D4 -> 0.16666667 | O18: =IF(K18=0,"⚪ Unstarted",IF(E18="High","🔴 High Risk",IF(E18="Medium","🟡 Watch","🟢 OK"))) -> 🔴 High Risk
B19: 7 | C19: Initiative Eta | E19: Medium | G19: Active | I19: 5 | K19: 1.5 | M19: =K19/'🏊 Resource Pool'!D4 -> 0.125 | O19: =IF(K19=0,"⚪ Unstarted",IF(E19="High","🔴 High Risk",IF(E19="Medium","🟡 Watch","🟢 OK"))) -> 🟡 Watch
B20: 8 | C20: Initiative Theta | E20: Low | G20: Planning | I20: 4 | K20: 0.5 | M20: =K20/'🏊 Resource Pool'!D4 -> 0.041666667 | O20: =IF(K20=0,"⚪ Unstarted",IF(E20="High","🔴 High Risk",IF(E20="Medium","🟡 Watch","🟢 OK"))) -> 🟢 OK
B21: 9 | C21: Initiative Iota | E21: High | G21: Active | I21: 6 | K21: 2 | M21: =K21/'🏊 Resource Pool'!D4 -> 0.16666667 | O21: =IF(K21=0,"⚪ Unstarted",IF(E21="High","🔴 High Risk",IF(E21="Medium","🟡 Watch","🟢 OK"))) -> 🔴 High Risk
B22: 10 | C22: Initiative Kappa | E22: Medium | G22: On Hold | I22: 3 | K22: 0.5 | M22: =K22/'🏊 Resource Pool'!D4 -> 0.041666667 | O22: =IF(K22=0,"⚪ Unstarted",IF(E22="High","🔴 High Risk",IF(E22="Medium","🟡 Watch","🟢 OK"))) -> 🟡 Watch
C23: TOTALS | K23: =SUM(K13:K22) -> 14.5 | M23: =SUM(M13:M22) -> 1.2083333
B25: =IF(SUM('📋 Workstreams'!G4:G13)>'🏊 Resource Pool'!D4,"⚠ OVER CAPACITY — Total allocated FTEs exceed the resource pool. Review workstream priorities and defer low-priority initiatives.","✔ Capacity within limits — All workstreams are within the available resource pool.") -> ✔ Capacity within limits — All workstreams are within the available resource pool.

Sheet 🏊 Resource Pool
B1: RESOURCE POOL
B4: Total Resource Pool Size (FTEs) | D4: 12
B6: # | C6: Name | D6: Role / Skill | E6: Seniority | F6: Available FTE | G6: Allocated FTE | H6: Remaining FTE | I6: Primary Workstream
B7: 1 | C7: Alice M. | D7: Product Manager | E7: Senior | F7: 1 | G7: 0 | H7: =F7-G7 -> 1
B8: 2 | C8: Bob K. | D8: Engineer | E8: Mid | F8: 1 | G8: 0 | H8: =F8-G8 -> 1
B9: 3 | C9: Carol T. | D9: Engineer | E9: Senior | F9: 1 | G9: 0 | H9: =F9-G9 -> 1
B10: 4 | C10: David L. | D10: Data Analyst | E10: Mid | F10: 1 | G10: 0 | H10: =F10-G10 -> 1
B11: 5 | C11: Eva S. | D11: Designer | E11: Senior | F11: 1 | G11: 0 | H11: =F11-G11 -> 1
B12: 6 | C12: Frank R. | D12: Engineer | E12: Junior | F12: 1 | G12: 0 | H12: =F12-G12 -> 1
B13: 7 | C13: Grace H. | D13: Business Analyst | E13: Mid | F13: 1 | G13: 0 | H13: =F13-G13 -> 1
B14: 8 | C14: Hank W. | D14: Scrum Master | E14: Senior | F14: 1 | G14: 0 | H14: =F14-G14 -> 1
B15: 9 | C15: Iris P. | D15: Engineer | E15: Mid | F15: 1 | G15: 0 | H15: =F15-G15 -> 1
B16: 10 | C16: James O. | D16: QA Engineer | E16: Mid | F16: 1 | G16: 0 | H16: =F16-G16 -> 1
B17: 11 | C17: Karen N. | D17: Data Analyst | E17: Senior | F17: 1 | G17: 0 | H17: =F17-G17 -> 1
B18: 12 | C18: Leo B. | D18: Engineer | E18: Junior | F18: 1 | G18: 0 | H18: =F18-G18 -> 1
C19: TOTALS | F19: =SUM(F7:F18) -> 12 | G19: =SUM(G7:G18) -> 0 | H19: =SUM(H7:H18) -> 12
B21: 💡 Blue cells = inputs you can edit. Yellow cells = data to fill in. Change 'Total Resource Pool Size' (D4) to match your actual headcount.

Sheet 📋 Workstreams
B1: WORKSTREAMS MASTER LIST
B3: # | C3: Workstream Name | D3: Sponsor | E3: Priority | F3: Status | G3: Start Date | H3: Target End | I3: Allocated FTEs | J3: Budget ($K) | K3: Spent ($K) | L3: % Complete | M3: Key Risks | N3: Notes
B4: 1 | C4: Initiative Alpha | D4: J. Smith | E4: High | F4: Active | G4: 01/01/2025 | H4: 31/12/2025 | I4: 3 | J4: 150 | K4: 67 | L4: 0.45 | M4: Update as needed
B5: 2 | C5: Initiative Beta | D5: A. Lee | E5: High | F5: Active | G5: 01/01/2025 | H5: 31/12/2025 | I5: 2.5 | J5: 120 | K5: 72 | L5: 0.6 | M5: Update as needed
B6: 3 | C6: Initiative Gamma | D6: B. Jones | E6: Medium | F6: Active | G6: 01/01/2025 | H6: 31/12/2025 | I6: 1.5 | J6: 80 | K6: 24 | L6: 0.3 | M6: Update as needed
B7: 4 | C7: Initiative Delta | D7: C. Park | E7: Medium | F7: Planning | G7: 01/01/2025 | H7: 31/12/2025 | I7: 1 | J7: 50 | K7: 5 | L7: 0.1 | M7: Update as needed
B8: 5 | C8: Initiative Epsilon | D8: D. Kim | E8: Low | F8: On Hold | G8: 01/01/2025 | H8: 31/12/2025 | I8: 0 | J8: 30 | K8: 0 | L8: 0 | M8: Update as needed
B9: 6 | C9: Initiative Zeta | D9: E. Wang | E9: High | F9: Active | G9: 01/01/2025 | H9: 31/12/2025 | I9: 2 | J9: 100 | K9: 55 | L9: 0.55 | M9: Update as needed
B10: 7 | C10: Initiative Eta | D10: F. Chen | E10: Medium | F10: Active | G10: 01/01/2025 | H10: 31/12/2025 | I10: 1.5 | J10: 90 | K10: 36 | L10: 0.4 | M10: Update as needed
B11: 8 | C11: Initiative Theta | D11: G. Patel | E11: Low | F11: Planning | G11: 01/01/2025 | H11: 31/12/2025 | I11: 0.5 | J11: 40 | K11: 2 | L11: 0.05 | M11: Update as needed
B12: 9 | C12: Initiative Iota | D12: H. Müller | E12: High | F12: Active | G12: 01/01/2025 | H12: 31/12/2025 | I12: 2 | J12: 110 | K12: 77 | L12: 0.7 | M12: Update as needed
B13: 10 | C13: Initiative Kappa | D13: I. Brown | E13: Medium | F13: On Hold | G13: 01/01/2025 | H13: 31/12/2025 | I13: 0.5 | J13: 60 | K13: 0 | L13: 0 | M13: Update as needed

Sheet 📌 Alpha
B1: TASK TRACKER | Initiative Alpha
B3: Priority: | C3: High | E3: Status: | F3: Active | H3: Allocated FTEs: | I3: 3
B4: # | C4: Task / Deliverable | D4: Owner | E4: Priority | F4: Status | G4: Start Date | H4: Due Date | I4: FTE Effort | J4: % Done | K4: Blockers / Notes
B5: 1 | C5: Define scope & objectives | D5: TBD | E5: High | F5: Done | G5: TBD | H5: TBD | I5: 0.2 | J5: 1
B6: 2 | C6: Stakeholder alignment | D6: TBD | E6: High | F6: Done | G6: TBD | H6: TBD | I6: 0.3 | J6: 1
B7: 3 | C7: Requirements gathering | D7: TBD | E7: High | F7: In Progress | G7: TBD | H7: TBD | I7: 0.5 | J7: 0.5
B8: 4 | C8: Solution design | D8: TBD | E8: Medium | F8: In Progress | G8: TBD | H8: TBD | I8: 0.5 | J8: 0.5
B9: 5 | C9: Build / develop | D9: TBD | E9: High | F9: Not Started | G9: TBD | H9: TBD | I9: 1 | J9: 0
B10: 6 | C10: Testing & QA | D10: TBD | E10: Medium | F10: Not Started | G10: TBD | H10: TBD | I10: 0.5 | J10: 0
B11: 7 | C11: UAT with stakeholders | D11: TBD | E11: Medium | F11: Not Started | G11: TBD | H11: TBD | I11: 0.3 | J11: 0
B12: 8 | C12: Training & change management | D12: TBD | E12: Low | F12: Not Started | G12: TBD | H12: TBD | I12: 0.2 | J12: 0
C13: TOTALS / AVG | I13: =SUM(I5:I12) -> 3.5 | J13: =AVERAGE(J5:J12) -> 0.375

Sheet 📌 Beta
B1: TASK TRACKER | Initiative Beta
B3: Priority: | C3: High | E3: Status: | F3: Active | H3: Allocated FTEs: | I3: 2.5
B4: # | C4: Task / Deliverable | D4: Owner | E4: Priority | F4: Status | G4: Start Date | H4: Due Date | I4: FTE Effort | J4: % Done | K4: Blockers / Notes
B5: 1 | C5: Define scope & objectives | D5: TBD | E5: High | F5: Done | G5: TBD | H5: TBD | I5: 0.2 | J5: 1
B6: 2 | C6: Stakeholder alignment | D6: TBD | E6: High | F6: Done | G6: TBD | H6: TBD | I6: 0.3 | J6: 1
B7: 3 | C7: Requirements gathering | D7: TBD | E7: High | F7: In Progress | G7: TBD | H7: TBD | I7: 0.5 | J7: 0.5
B8: 4 | C8: Solution design | D8: TBD | E8: Medium | F8: In Progress | G8: TBD | H8: TBD | I8: 0.5 | J8: 0.5
B9: 5 | C9: Build / develop | D9: TBD | E9: High | F9: Not Started | G9: TBD | H9: TBD | I9: 1 | J9: 0
C10: TOTALS / AVG | I10: =SUM(I5:I9) -> 2.5 | J10: =AVERAGE(J5:J9) -> 0.6

Sheet 📌 Gamma
B1: TASK TRACKER | Initiative Gamma
B3: Priority: | C3: Medium | E3: Status: | F3: Active | H3: Allocated FTEs: | I3: 1.5
B4: # | C4: Task / Deliverable | D4: Owner | E4: Priority | F4: Status | G4: Start Date | H4: Due Date | I4: FTE Effort | J4: % Done | K4: Blockers / Notes
B5: 1 | C5: Define scope & objectives | D5: TBD | E5: High | F5: Done | G5: TBD | H5: TBD | I5: 0.2 | J5: 1
B6: 2 | C6: Stakeholder alignment | D6: TBD | E6: High | F6: Done | G6: TBD | H6: TBD | I6: 0.3 | J6: 1
B7: 3 | C7: Requirements gathering | D7: TBD | E7: High | F7: In Progress | G7: TBD | H7: TBD | I7: 0.5 | J7: 0.5
B8: 4 | C8: Solution design | D8: TBD | E8: Medium | F8: In Progress | G8: TBD | H8: TBD | I8: 0.5 | J8: 0.5
B9: 5 | C9: Build / develop | D9: TBD | E9: High | F9: Not Started | G9: TBD | H9: TBD | I9: 1 | J9: 0
B10: 6 | C10: Testing & QA | D10: TBD | E10: Medium | F10: Not Started | G10: TBD | H10: TBD | I10: 0.5 | J10: 0
C11: TOTALS / AVG | I11: =SUM(I5:I10) -> 3 | J11: =AVERAGE(J5:J10) -> 0.5

Sheet 📌 Delta
B1: TASK TRACKER | Initiative Delta
B3: Priority: | C3: Medium | E3: Status: | F3: Planning | H3: Allocated FTEs: | I3: 1
B4: # | C4: Task / Deliverable | D4: Owner | E4: Priority | F4: Status | G4: Start Date | H4: Due Date | I4: FTE Effort | J4: % Done | K4: Blockers / Notes
B5: 1 | C5: Define scope & objectives | D5: TBD | E5: High | F5: Done | G5: TBD | H5: TBD | I5: 0.2 | J5: 1
B6: 2 | C6: Stakeholder alignment | D6: TBD | E6: High | F6: Done | G6: TBD | H6: TBD | I6: 0.3 | J6: 1
B7: 3 | C7: Requirements gathering | D7: TBD | E7: High | F7: In Progress | G7: TBD | H7: TBD | I7: 0.5 | J7: 0.5
B8: 4 | C8: Solution design | D8: TBD | E8: Medium | F8: In Progress | G8: TBD | H8: TBD | I8: 0.5 | J8: 0.5
C9: TOTALS / AVG | I9: =SUM(I5:I8) -> 1.5 | J9: =AVERAGE(J5:J8) -> 0.75

Sheet 📌 Epsilon
B1: TASK TRACKER | Initiative Epsilon
B3: Priority: | C3: Low | E3: Status: | F3: On Hold | H3: Allocated FTEs: | I3: 0
B4: # | C4: Task / Deliverable | D4: Owner | E4: Priority | F4: Status | G4: Start Date | H4: Due Date | I4: FTE Effort | J4: % Done | K4: Blockers / Notes
B5: 1 | C5: Define scope & objectives | D5: TBD | E5: High | F5: Done | G5: TBD | H5: TBD | I5: 0.2 | J5: 1
B6: 2 | C6: Stakeholder alignment | D6: TBD | E6: High | F6: Done | G6: TBD | H6: TBD | I6: 0.3 | J6: 1
B7: 3 | C7: Requirements gathering | D7: TBD | E7: High | F7: In Progress | G7: TBD | H7: TBD | I7: 0.5 | J7: 0.5
C8: TOTALS / AVG | I8: =SUM(I5:I7) -> 1 | J8: =AVERAGE(J5:J7) -> 0.83333333

Sheet 📌 Zeta
B1: TASK TRACKER | Initiative Zeta
B3: Priority: | C3: High | E3: Status: | F3: Active | H3: Allocated FTEs: | I3: 2
B4: # | C4: Task / Deliverable | D4: Owner | E4: Priority | F4: Status | G4: Start Date | H4: Due Date | I4: FTE Effort | J4: % Done | K4: Blockers / Notes
B5: 1 | C5: Define scope & objectives | D5: TBD | E5: High | F5: Done | G5: TBD | H5: TBD | I5: 0.2 | J5: 1
B6: 2 | C6: Stakeholder alignment | D6: TBD | E6: High | F6: Done | G6: TBD | H6: TBD | I6: 0.3 | J6: 1
B7: 3 | C7: Requirements gathering | D7: TBD | E7: High | F7: In Progress | G7: TBD | H7: TBD | I7: 0.5 | J7: 0.5
B8: 4 | C8: Solution design | D8: TBD | E8: Medium | F8: In Progress | G8: TBD | H8: TBD | I8: 0.5 | J8: 0.5
B9: 5 | C9: Build / develop | D9: TBD | E9: High | F9: Not Started | G9: TBD | H9: TBD | I9: 1 | J9: 0
B10: 6 | C10: Testing & QA | D10: TBD | E10: Medium | F10: Not Started | G10: TBD | H10: TBD | I10: 0.5 | J10: 0
B11: 7 | C11: UAT with stakeholders | D11: TBD | E11: Medium | F11: Not Started | G11: TBD | H11: TBD | I11: 0.3 | J11: 0
C12: TOTALS / AVG | I12: =SUM(I5:I11) -> 3.3 | J12: =AVERAGE(J5:J11) -> 0.42857143

Sheet 📌 Eta
B1: TASK TRACKER | Initiative Eta
B3: Priority: | C3: Medium | E3: Status: | F3: Active | H3: Allocated FTEs: | I3: 1.5
B4: # | C4: Task / Deliverable | D4: Owner | E4: Priority | F4: Status | G4: Start Date | H4: Due Date | I4: FTE Effort | J4: % Done | K4: Blockers / Notes
B5: 1 | C5: Define scope & objectives | D5: TBD | E5: High | F5: Done | G5: TBD | H5: TBD | I5: 0.2 | J5: 1
B6: 2 | C6: Stakeholder alignment | D6: TBD | E6: High | F6: Done | G6: TBD | H6: TBD | I6: 0.3 | J6: 1
B7: 3 | C7: Requirements gathering | D7: TBD | E7: High | F7: In Progress | G7: TBD | H7: TBD | I7: 0.5 | J7: 0.5
B8: 4 | C8: Solution design | D8: TBD | E8: Medium | F8: In Progress | G8: TBD | H8: TBD | I8: 0.5 | J8: 0.5
B9: 5 | C9: Build / develop | D9: TBD | E9: High | F9: Not Started | G9: TBD | H9: TBD | I9: 1 | J9: 0
C10: TOTALS / AVG | I10: =SUM(I5:I9) -> 2.5 | J10: =AVERAGE(J5:J9) -> 0.6

Sheet 📌 Theta
B1: TASK TRACKER | Initiative Theta
B3: Priority: | C3: Low | E3: Status: | F3: Planning | H3: Allocated FTEs: | I3: 0.5
B4: # | C4: Task / Deliverable | D4: Owner | E4: Priority | F4: Status | G4: Start Date | H4: Due Date | I4: FTE Effort | J4: % Done | K4: Blockers / Notes
B5: 1 | C5: Define scope & objectives | D5: TBD | E5: High | F5: Done | G5: TBD | H5: TBD | I5: 0.2 | J5: 1
B6: 2 | C6: Stakeholder alignment | D6: TBD | E6: High | F6: Done | G6: TBD | H6: TBD | I6: 0.3 | J6: 1
B7: 3 | C7: Requirements gathering | D7: TBD | E7: High | F7: In Progress | G7: TBD | H7: TBD | I7: 0.5 | J7: 0.5
B8: 4 | C8: Solution design | D8: TBD | E8: Medium | F8: In Progress | G8: TBD | H8: TBD | I8: 0.5 | J8: 0.5
C9: TOTALS / AVG | I9: =SUM(I5:I8) -> 1.5 | J9: =AVERAGE(J5:J8) -> 0.75

Sheet 📌 Iota
B1: TASK TRACKER | Initiative Iota
B3: Priority: | C3: High | E3: Status: | F3: Active | H3: Allocated FTEs: | I3: 2
B4: # | C4: Task / Deliverable | D4: Owner | E4: Priority | F4: Status | G4: Start Date | H4: Due Date | I4: FTE Effort | J4: % Done | K4: Blockers / Notes
B5: 1 | C5: Define scope & objectives | D5: TBD | E5: High | F5: Done | G5: TBD | H5: TBD | I5: 0.2 | J5: 1
B6: 2 | C6: Stakeholder alignment | D6: TBD | E6: High | F6: Done | G6: TBD | H6: TBD | I6: 0.3 | J6: 1
B7: 3 | C7: Requirements gathering | D7: TBD | E7: High | F7: In Progress | G7: TBD | H7: TBD | I7: 0.5 | J7: 0.5
B8: 4 | C8: Solution design | D8: TBD | E8: Medium | F8: In Progress | G8: TBD | H8: TBD | I8: 0.5 | J8: 0.5
B9: 5 | C9: Build / develop | D9: TBD | E9: High | F9: Not Started | G9: TBD | H9: TBD | I9: 1 | J9: 0
B10: 6 | C10: Testing & QA | D10: TBD | E10: Medium | F10: Not Started | G10: TBD | H10: TBD | I10: 0.5 | J10: 0
C11: TOTALS / AVG | I11: =SUM(I5:I10) -> 3 | J11: =AVERAGE(J5:J10) -> 0.5

Sheet 📌 Kappa
B1: TASK TRACKER | Initiative Kappa
B3: Priority: | C3: Medium | E3: Status: | F3: On Hold | H3: Allocated FTEs: | I3: 0.5
B4: # | C4: Task / Deliverable | D4: Owner | E4: Priority | F4: Status | G4: Start Date | H4: Due Date | I4: FTE Effort | J4: % Done | K4: Blockers / Notes
B5: 1 | C5: Define scope & objectives | D5: TBD | E5: High | F5: Done | G5: TBD | H5: TBD | I5: 0.2 | J5: 1
B6: 2 | C6: Stakeholder alignment | D6: TBD | E6: High | F6: Done | G6: TBD | H6: TBD | I6: 0.3 | J6: 1
B7: 3 | C7: Requirements gathering | D7: TBD | E7: High | F7: In Progress | G7: TBD | H7: TBD | I7: 0.5 | J7: 0.5
C8: TOTALS / AVG | I8: =SUM(I5:I7) -> 1 | J8: =AVERAGE(J5:J7) -> 0.83333333

Sheet 🔢 Allocation Matrix
B1: RESOURCE ALLOCATION MATRIX (FTE per Person per Workstream)
C3: Init. Alpha | D3: Init. Beta | E3: Init. Gamma | F3: Init. Delta | G3: Init. Epsilon | H3: Init. Zeta | I3: Init. Eta | J3: Init. Theta | K3: Init. Iota | L3: Init. Kappa | M3: Total FTE
B4: Alice M. (Product Manager) | C4: 0 | D4: 0 | E4: 0 | F4: 0 | G4: 0 | H4: 0 | I4: 0 | J4: 0 | K4: 0 | L4: 0 | M4: =SUM(C4:L4) -> 0
B5: Bob K. (Engineer) | C5: 0 | D5: 0 | E5: 0 | F5: 0 | G5: 0 | H5: 0 | I5: 0 | J5: 0 | K5: 0 | L5: 0 | M5: =SUM(C5:L5) -> 0
B6: Carol T. (Engineer) | C6: 0 | D6: 0 | E6: 0 | F6: 0 | G6: 0 | H6: 0 | I6: 0 | J6: 0 | K6: 0 | L6: 0 | M6: =SUM(C6:L6) -> 0
B7: David L. (Data Analyst) | C7: 0 | D7: 0 | E7: 0 | F7: 0 | G7: 0 | H7: 0 | I7: 0 | J7: 0 | K7: 0 | L7: 0 | M7: =SUM(C7:L7) -> 0
B8: Eva S. (Designer) | C8: 0 | D8: 0 | E8: 0 | F8: 0 | G8: 0 | H8: 0 | I8: 0 | J8: 0 | K8: 0 | L8: 0 | M8: =SUM(C8:L8) -> 0
B9: Frank R. (Engineer) | C9: 0 | D9: 0 | E9: 0 | F9: 0 | G9: 0 | H9: 0 | I9: 0 | J9: 0 | K9: 0 | L9: 0 | M9: =SUM(C9:L9) -> 0
B10: Grace H. (Business Analyst) | C10: 0 | D10: 0 | E10: 0 | F10: 0 | G10: 0 | H10: 0 | I10: 0 | J10: 0 | K10: 0 | L10: 0 | M10: =SUM(C10:L10) -> 0
B11: Hank W. (Scrum Master) | C11: 0 | D11: 0 | E11: 0 | F11: 0 | G11: 0 | H11: 0 | I11: 0 | J11: 0 | K11: 0 | L11: 0 | M11: =SUM(C11:L11) -> 0
B12: Iris P. (Engineer) | C12: 0 | D12: 0 | E12: 0 | F12: 0 | G12: 0 | H12: 0 | I12: 0 | J12: 0 | K12: 0 | L12: 0 | M12: =SUM(C12:L12) -> 0
B13: James O. (QA Engineer) | C13: 0 | D13: 0 | E13: 0 | F13: 0 | G13: 0 | H13: 0 | I13: 0 | J13: 0 | K13: 0 | L13: 0 | M13: =SUM(C13:L13) -> 0
B14: Karen N. (Data Analyst) | C14: 0 | D14: 0 | E14: 0 | F14: 0 | G14: 0 | H14: 0 | I14: 0 | J14: 0 | K14: 0 | L14: 0 | M14: =SUM(C14:L14) -> 0
B15: Leo B. (Engineer) | C15: 0 | D15: 0 | E15: 0 | F15: 0 | G15: 0 | H15: 0 | I15: 0 | J15: 0 | K15: 0 | L15: 0 | M15: =SUM(C15:L15) -> 0
B16: WS Total FTE | C16: =SUM(C4:C15) -> 0 | D16: =SUM(D4:D15) -> 0 | E16: =SUM(E4:E15) -> 0 | F16: =SUM(F4:F15) -> 0 | G16: =SUM(G4:G15) -> 0 | H16: =SUM(H4:H15) -> 0 | I16: =SUM(I4:I15) -> 0 | J16: =SUM(J4:J15) -> 0 | ... M16: =SUM(M4:M15) -> 0
B18: 💡 Fill in yellow cells with FTE allocation per person per workstream (0 = not assigned, 1.0 = full time, 0.5 = half time). Green highlighting appears automatically when allocation > 0.

Sheet ℹ️ How To Use
B1: HOW TO USE THIS TEMPLATE
B4: Step 1 · Set pool size | C4: Go to '🏊 Resource Pool' tab → change cell D4 to your actual headcount.
B6: Step 2 · Enter your team | C6: Fill in rows 7+ of '🏊 Resource Pool' with real names, roles, seniority.
B8: Step 3 · Define workstreams | C8: Update '📋 Workstreams' tab with your real initiative names, sponsors, priorities and dates.
B10: Step 4 · Allocate resources | C10: Use '🔢 Allocation Matrix' – enter FTE per person per workstream (yellow cells). 0.5 = half time, 1.0 = full time.
B12: Step 5 · Fill task trackers | C12: Each '📌' tab is a workstream task tracker. Add real tasks, owners, due dates and status.
B14: Step 6 · Review dashboard | C14: Return to '📊 Summary Dashboard' to see consolidated utilisation, RAG status and capacity warning.
B16: Step 7 · Update regularly | C16: Keep % Complete and Status current on task sheets. Dashboard refreshes automatically.
B18: Priority coding | C18: 🔴 High = delivery-critical | 🟡 Medium = important but can flex | 🟢 Low = defer if needed.
B20: Over-capacity rule | C20: When the red banner shows on the dashboard, triage by deferring 'Low' items first, then 'On Hold' items.
B22: Blue cells | C22: Blue text = hardcoded inputs you should change. Yellow background = data entry required.
